{"chunk_definitions":[{"row":14,"row_count":1,"visible":true,"expansion_state":0,"options":{"engine":"r","label":"setup","include":false},"document_id":"774918CA","chunk_id":"csetup_chunk","chunk_label":"setup"},{"row":445,"row_count":1,"visible":true,"expansion_state":0,"options":{"engine":"r","message":false,"warning":false,"label":"unnamed-chunk-38"},"document_id":"774918CA","chunk_id":"c7xplpbb54zb0","chunk_label":"unnamed-chunk-2"},{"row":509,"row_count":1,"visible":true,"expansion_state":0,"options":{"engine":"r","label":"unnamed-chunk-12"},"document_id":"774918CA","chunk_id":"cwiqdqnjq19sk","chunk_label":"unnamed-chunk-4"},{"row":524,"row_count":1,"visible":true,"expansion_state":0,"options":{"engine":"r","message":false,"warning":false,"echo":false,"label":"unnamed-chunk-39"},"document_id":"774918CA","chunk_id":"cmvumfp8s3in4","chunk_label":"unnamed-chunk-5"},{"row":537,"row_count":1,"visible":true,"expansion_state":0,"options":{"engine":"r","echo":false,"warning":false,"message":false,"label":"unnamed-chunk-2"},"document_id":"774918CA","chunk_id":"cs8hk0svshgvt","chunk_label":"unnamed-chunk-6"},{"row":552,"row_count":1,"visible":true,"expansion_state":0,"options":{"engine":"r","warning":false,"message":false,"label":"unnamed-chunk-40"},"document_id":"774918CA","chunk_id":"cp7xflm9yjfk1","chunk_label":"unnamed-chunk-7"},{"row":560,"row_count":1,"visible":true,"expansion_state":0,"options":{"engine":"r","label":"unnamed-chunk-41"},"document_id":"774918CA","chunk_id":"cy0udk0gdy8t4","chunk_label":"unnamed-chunk-8"},{"row":566,"row_count":1,"visible":true,"expansion_state":0,"options":{"engine":"r","label":"unnamed-chunk-42"},"document_id":"774918CA","chunk_id":"cz6f6yh57choj","chunk_label":"unnamed-chunk-9"},{"row":572,"row_count":1,"visible":true,"expansion_state":0,"options":{"engine":"r","label":"unnamed-chunk-43"},"document_id":"774918CA","chunk_id":"cucilq6b9uevn","chunk_label":"unnamed-chunk-10"},{"row":578,"row_count":1,"visible":true,"expansion_state":0,"options":{"engine":"r","label":"unnamed-chunk-29"},"document_id":"774918CA","chunk_id":"cpoh2sgupyxwm","chunk_label":"unnamed-chunk-11"},{"row":587,"row_count":1,"visible":true,"expansion_state":0,"options":{"engine":"r","label":"unnamed-chunk-30"},"document_id":"774918CA","chunk_id":"ci4l7f5idze8s","chunk_label":"unnamed-chunk-12"},{"row":595,"row_count":1,"visible":true,"expansion_state":0,"options":{"engine":"r","label":"unnamed-chunk-31"},"document_id":"774918CA","chunk_id":"cstwfnro91l0d","chunk_label":"unnamed-chunk-13"},{"row":602,"row_count":1,"visible":true,"expansion_state":0,"options":{"engine":"r","label":"unnamed-chunk-32"},"document_id":"774918CA","chunk_id":"cnfvdho9mi0jr","chunk_label":"unnamed-chunk-14"},{"row":607,"row_count":1,"visible":true,"expansion_state":0,"options":{"engine":"r","label":"unnamed-chunk-44"},"document_id":"774918CA","chunk_id":"cazlms5rd866z","chunk_label":"unnamed-chunk-15"},{"row":613,"row_count":1,"visible":true,"expansion_state":0,"options":{"engine":"r","label":"unnamed-chunk-45"},"document_id":"774918CA","chunk_id":"cyn31njnsxcgu","chunk_label":"unnamed-chunk-16"},{"row":621,"row_count":1,"visible":true,"expansion_state":0,"options":{"engine":"r","label":"unnamed-chunk-46"},"document_id":"774918CA","chunk_id":"c6njl675ishqd","chunk_label":"unnamed-chunk-17"}],"doc_write_time":1622223339,"chunk_rendered_width":695}