{"chunk_definitions":[{"row":14,"row_count":1,"visible":true,"expansion_state":0,"options":{"engine":"r","label":"setup","include":false},"document_id":"774918CA","chunk_id":"csetup_chunk","chunk_label":"setup"},{"row":107,"row_count":1,"visible":true,"expansion_state":1,"options":{"engine":"r","message":false,"warning":false,"echo":false,"label":"unnamed-chunk-2"},"document_id":"774918CA","chunk_id":"cpdp8pty8vopn","chunk_label":"unnamed-chunk-2"},{"row":445,"row_count":1,"visible":true,"expansion_state":0,"options":{"engine":"r","message":false,"warning":false,"label":"unnamed-chunk-5"},"document_id":"774918CA","chunk_id":"c7xplpbb54zb0","chunk_label":"unnamed-chunk-3"},{"row":461,"row_count":1,"visible":true,"expansion_state":0,"options":{"engine":"r","echo":false,"warning":false,"message":false,"label":"unnamed-chunk-8"},"document_id":"774918CA","chunk_id":"cs8hk0svshgvt","chunk_label":"unnamed-chunk-4"},{"row":473,"row_count":1,"visible":true,"expansion_state":1,"options":{"engine":"r","warning":false,"message":false,"label":"unnamed-chunk-9"},"document_id":"774918CA","chunk_id":"cp7xflm9yjfk1","chunk_label":"unnamed-chunk-5"},{"row":483,"row_count":1,"visible":true,"expansion_state":0,"options":{"engine":"r","label":"unnamed-chunk-10"},"document_id":"774918CA","chunk_id":"cy0udk0gdy8t4","chunk_label":"unnamed-chunk-6"},{"row":493,"row_count":1,"visible":true,"expansion_state":0,"options":{"engine":"r","label":"unnamed-chunk-11"},"document_id":"774918CA","chunk_id":"cz6f6yh57choj","chunk_label":"unnamed-chunk-7"},{"row":502,"row_count":1,"visible":true,"expansion_state":0,"options":{"engine":"r","label":"unnamed-chunk-12"},"document_id":"774918CA","chunk_id":"cucilq6b9uevn","chunk_label":"unnamed-chunk-8"},{"row":513,"row_count":1,"visible":true,"expansion_state":0,"options":{"engine":"r","label":"unnamed-chunk-13"},"document_id":"774918CA","chunk_id":"cpoh2sgupyxwm","chunk_label":"unnamed-chunk-9"},{"row":528,"row_count":1,"visible":true,"expansion_state":0,"options":{"engine":"r","label":"unnamed-chunk-14"},"document_id":"774918CA","chunk_id":"ci4l7f5idze8s","chunk_label":"unnamed-chunk-10"},{"row":536,"row_count":1,"visible":true,"expansion_state":0,"options":{"engine":"r","label":"unnamed-chunk-15"},"document_id":"774918CA","chunk_id":"cstwfnro91l0d","chunk_label":"unnamed-chunk-11"},{"row":543,"row_count":1,"visible":true,"expansion_state":0,"options":{"engine":"r","label":"unnamed-chunk-16"},"document_id":"774918CA","chunk_id":"cnfvdho9mi0jr","chunk_label":"unnamed-chunk-12"},{"row":548,"row_count":1,"visible":true,"expansion_state":0,"options":{"engine":"r","label":"unnamed-chunk-17"},"document_id":"774918CA","chunk_id":"cazlms5rd866z","chunk_label":"unnamed-chunk-13"},{"row":557,"row_count":1,"visible":true,"expansion_state":0,"options":{"engine":"r","message":false,"warning":false,"label":"unnamed-chunk-19"},"document_id":"774918CA","chunk_id":"cyn31njnsxcgu","chunk_label":"unnamed-chunk-14"},{"row":569,"row_count":1,"visible":true,"expansion_state":1,"options":{"engine":"r","label":"unnamed-chunk-20"},"document_id":"774918CA","chunk_id":"c6njl675ishqd","chunk_label":"unnamed-chunk-15"},{"row":585,"row_count":1,"visible":true,"expansion_state":0,"options":{"engine":"r","message":false,"warning":false,"label":"unnamed-chunk-26"},"document_id":"774918CA","chunk_id":"cs5m46133rjyc","chunk_label":"unnamed-chunk-16"},{"row":597,"row_count":1,"visible":true,"expansion_state":0,"options":{"engine":"r","message":false,"warning":false,"label":"unnamed-chunk-24"},"document_id":"774918CA","chunk_id":"csn6mi0077dpf","chunk_label":"unnamed-chunk-17"},{"row":607,"row_count":1,"visible":true,"expansion_state":0,"options":{"engine":"r","label":"unnamed-chunk-25"},"document_id":"774918CA","chunk_id":"c92936ua34jb7","chunk_label":"unnamed-chunk-18"}],"doc_write_time":1623105233,"chunk_rendered_width":623}