{"chunk_definitions":[{"row":9,"row_count":1,"visible":true,"expansion_state":0,"options":{"engine":"r","label":"setup","include":false},"document_id":"F59F1BC8","chunk_id":"csetup_chunk","chunk_label":"setup"},{"row":18,"row_count":1,"visible":true,"expansion_state":0,"options":{"engine":"r","message":false,"warning":false,"label":"unnamed-chunk-26"},"document_id":"F59F1BC8","chunk_id":"ctka8w1u52h0l","chunk_label":"unnamed-chunk-1"},{"row":29,"row_count":1,"visible":true,"expansion_state":0,"options":{"engine":"r","message":false,"warning":false,"label":"unnamed-chunk-27"},"document_id":"F59F1BC8","chunk_id":"ctii7n8md7tbg","chunk_label":"unnamed-chunk-2"},{"row":35,"row_count":1,"visible":true,"expansion_state":0,"options":{"engine":"r","label":"unnamed-chunk-28"},"document_id":"F59F1BC8","chunk_id":"cpfxyew4ifs1q","chunk_label":"unnamed-chunk-3"},{"row":40,"row_count":1,"visible":true,"expansion_state":0,"options":{"engine":"r","label":"unnamed-chunk-29"},"document_id":"F59F1BC8","chunk_id":"cqbt0g53qz736","chunk_label":"unnamed-chunk-4"},{"row":44,"row_count":1,"visible":true,"expansion_state":0,"options":{"engine":"r","label":"unnamed-chunk-30"},"document_id":"F59F1BC8","chunk_id":"cbgss7lmjxw9r","chunk_label":"unnamed-chunk-5"},{"row":49,"row_count":1,"visible":true,"expansion_state":0,"options":{"engine":"r","label":"unnamed-chunk-31"},"document_id":"F59F1BC8","chunk_id":"cm1335xzl4vh0","chunk_label":"unnamed-chunk-6"}],"doc_write_time":1620770370,"working_dir":null,"default_chunk_options":{"echo":true},"chunk_rendered_width":700}