{"chunk_definitions":[{"row":6,"row_count":1,"visible":true,"expansion_state":0,"options":{"engine":"r","label":"setup","include":false},"document_id":"774918CA","chunk_id":"csetup_chunk","chunk_label":"setup"},{"row":495,"row_count":1,"visible":true,"expansion_state":0,"options":{"engine":"r","label":"unnamed-chunk-3"},"document_id":"774918CA","chunk_id":"cz6ld6q5e7ujv","chunk_label":"unnamed-chunk-4"},{"row":502,"row_count":1,"visible":true,"expansion_state":0,"options":{"engine":"r","label":"unnamed-chunk-12"},"document_id":"774918CA","chunk_id":"cwiqdqnjq19sk","chunk_label":"unnamed-chunk-5"},{"row":508,"row_count":1,"visible":true,"expansion_state":0,"options":{"engine":"r","label":"unnamed-chunk-5"},"document_id":"774918CA","chunk_id":"cpdddi4dj8y4m","chunk_label":"unnamed-chunk-6"},{"row":516,"row_count":1,"visible":true,"expansion_state":0,"options":{"engine":"r","label":"unnamed-chunk-6"},"document_id":"774918CA","chunk_id":"c3wyglrlh58am","chunk_label":"unnamed-chunk-7"},{"row":531,"row_count":1,"visible":true,"expansion_state":0,"options":{"engine":"r","message":false,"warning":false,"echo":false,"label":"unnamed-chunk-45"},"document_id":"774918CA","chunk_id":"cxjd1l4qzpwf2","chunk_label":"unnamed-chunk-8"},{"row":546,"row_count":1,"visible":true,"expansion_state":0,"options":{"engine":"r","message":false,"warning":false,"echo":false,"label":"unnamed-chunk-42"},"document_id":"774918CA","chunk_id":"cmvumfp8s3in4","chunk_label":"unnamed-chunk-9"}],"doc_write_time":1620531808,"working_dir":null,"default_chunk_options":{"echo":true},"chunk_rendered_width":700}