{"chunk_definitions":[{"row":6,"row_count":1,"visible":true,"expansion_state":0,"options":{"engine":"r","label":"setup","include":false},"document_id":"774918CA","chunk_id":"csetup_chunk","chunk_label":"setup"},{"row":497,"row_count":1,"visible":true,"expansion_state":0,"options":{"engine":"r","label":"unnamed-chunk-3"},"document_id":"774918CA","chunk_id":"cz6ld6q5e7ujv","chunk_label":"unnamed-chunk-4"},{"row":504,"row_count":1,"visible":true,"expansion_state":0,"options":{"engine":"r","label":"unnamed-chunk-12"},"document_id":"774918CA","chunk_id":"cwiqdqnjq19sk","chunk_label":"unnamed-chunk-5"},{"row":510,"row_count":1,"visible":true,"expansion_state":0,"options":{"engine":"r","label":"unnamed-chunk-5"},"document_id":"774918CA","chunk_id":"cpdddi4dj8y4m","chunk_label":"unnamed-chunk-6"},{"row":518,"row_count":1,"visible":true,"expansion_state":0,"options":{"engine":"r","label":"unnamed-chunk-6"},"document_id":"774918CA","chunk_id":"c3wyglrlh58am","chunk_label":"unnamed-chunk-7"},{"row":533,"row_count":1,"visible":true,"expansion_state":0,"options":{"engine":"r","message":false,"warning":false,"echo":false,"label":"unnamed-chunk-4"},"document_id":"774918CA","chunk_id":"cxjd1l4qzpwf2","chunk_label":"unnamed-chunk-8"},{"row":548,"row_count":1,"visible":true,"expansion_state":0,"options":{"engine":"r","message":false,"warning":false,"echo":false,"label":"unnamed-chunk-42"},"document_id":"774918CA","chunk_id":"cmvumfp8s3in4","chunk_label":"unnamed-chunk-9"}],"doc_write_time":1620767614,"chunk_rendered_width":625,"working_dir":null,"default_chunk_options":{"echo":true}}