{"chunk_definitions":[{"row":18,"row_count":1,"visible":true,"expansion_state":0,"options":{"engine":"r","label":"setup","include":false},"document_id":"68BA4349","chunk_id":"csetup_chunk","chunk_label":"setup"},{"row":30,"row_count":1,"visible":true,"expansion_state":0,"options":{"engine":"r"},"document_id":"68BA4349","chunk_id":"c38ipfvkqbsoc","chunk_label":"unnamed-chunk-2"},{"row":50,"row_count":1,"visible":true,"expansion_state":1,"options":{"engine":"r","label":"unnamed-chunk-1"},"document_id":"68BA4349","chunk_id":"cimub6jdy5nfh","chunk_label":"unnamed-chunk-3"}],"doc_write_time":1623300050,"working_dir":null,"default_chunk_options":{"echo":true}}