"0","library(flextable)"
"0","library(dplyr)"
"0","Nombres <- c(""Cruz Alfaro Brayan Josué"", "
"0","             ""Novoa Rubio Fernando Enrique"", "
"0","            ""Arita Polanco Brian Guadalupe"", "
"0","             ""Roche Romero Osvaldo Enrique"", "
"0","             ""Velásquez González José Roberto"")"
"0","Carnet <- c(""CA17113"",""NR18001"",""AP18007"",""RR18105"",""VG16027"")"
"0","Integrantes <- cbind(Nombres,Carnet) %>% as.data.frame()"
"0","Tabla_Integrantes <- flextable(head(Integrantes),"
"0","                               col_keys = c(""Nombres"", ""Carnet""))"
"0",""
"0","Tabla_Integrantes %>% "
"0","  width(width = 2.5) %>%"
"0","  align_text_col(align =  ""justify"", header =  TRUE , footer =  TRUE ) %>% "
"0","  bold(bold = TRUE, part = ""header"") %>% "
"0","  align (align =  ""center"" , part =  ""header"") %>% "
"0","  align (j =  2, align =  ""center"" , part =  ""body"" ) %>% "
"0","  width (j =  2 , width = 1.5 ) %>% "
"0","  bg (i =  1 , bg = ""#eb6864"", part =  ""header"") %>% "
"0","  color (i = 1, color = ""#141414"", part =  ""header"" )"
