{"chunk_definitions":[{"row":6,"row_count":1,"visible":true,"expansion_state":0,"options":{"engine":"r","label":"setup","include":false},"document_id":"774918CA","chunk_id":"csetup_chunk","chunk_label":"setup"},{"row":418,"row_count":1,"visible":true,"expansion_state":0,"options":{"engine":"r","message":false,"warning":false,"label":"unnamed-chunk-1"},"document_id":"774918CA","chunk_id":"czpvj0antc6ly","chunk_label":"unnamed-chunk-2"},{"row":451,"row_count":1,"visible":true,"expansion_state":0,"options":{"engine":"r","label":"unnamed-chunk-2"},"document_id":"774918CA","chunk_id":"cyughccy63trw","chunk_label":"unnamed-chunk-3"}],"doc_write_time":1620418537}